number,patch
5413,https://github.com/scipy/scipy/pull/5413.patch
5382,https://github.com/scipy/scipy/pull/5382.patch
5377,https://github.com/scipy/scipy/pull/5377.patch
5356,https://github.com/scipy/scipy/pull/5356.patch
5264,https://github.com/scipy/scipy/pull/5264.patch
5204,https://github.com/scipy/scipy/pull/5204.patch
5203,https://github.com/scipy/scipy/pull/5203.patch
5194,https://github.com/scipy/scipy/pull/5194.patch
5193,https://github.com/scipy/scipy/pull/5193.patch
5189,https://github.com/scipy/scipy/pull/5189.patch
5089,https://github.com/scipy/scipy/pull/5089.patch
5010,https://github.com/scipy/scipy/pull/5010.patch
4977,https://github.com/scipy/scipy/pull/4977.patch
4942,https://github.com/scipy/scipy/pull/4942.patch
4833,https://github.com/scipy/scipy/pull/4833.patch
4799,https://github.com/scipy/scipy/pull/4799.patch
4675,https://github.com/scipy/scipy/pull/4675.patch
4649,https://github.com/scipy/scipy/pull/4649.patch
4643,https://github.com/scipy/scipy/pull/4643.patch
4543,https://github.com/scipy/scipy/pull/4543.patch
4535,https://github.com/scipy/scipy/pull/4535.patch
4473,https://github.com/scipy/scipy/pull/4473.patch
4424,https://github.com/scipy/scipy/pull/4424.patch
4418,https://github.com/scipy/scipy/pull/4418.patch
4417,https://github.com/scipy/scipy/pull/4417.patch
4398,https://github.com/scipy/scipy/pull/4398.patch
4376,https://github.com/scipy/scipy/pull/4376.patch
4358,https://github.com/scipy/scipy/pull/4358.patch
4357,https://github.com/scipy/scipy/pull/4357.patch
4335,https://github.com/scipy/scipy/pull/4335.patch
4319,https://github.com/scipy/scipy/pull/4319.patch
4293,https://github.com/scipy/scipy/pull/4293.patch
4286,https://github.com/scipy/scipy/pull/4286.patch
4284,https://github.com/scipy/scipy/pull/4284.patch
4283,https://github.com/scipy/scipy/pull/4283.patch
4281,https://github.com/scipy/scipy/pull/4281.patch
4272,https://github.com/scipy/scipy/pull/4272.patch
4262,https://github.com/scipy/scipy/pull/4262.patch
4258,https://github.com/scipy/scipy/pull/4258.patch
4248,https://github.com/scipy/scipy/pull/4248.patch
4241,https://github.com/scipy/scipy/pull/4241.patch
4238,https://github.com/scipy/scipy/pull/4238.patch
4225,https://github.com/scipy/scipy/pull/4225.patch
4189,https://github.com/scipy/scipy/pull/4189.patch
4180,https://github.com/scipy/scipy/pull/4180.patch
4162,https://github.com/scipy/scipy/pull/4162.patch
4143,https://github.com/scipy/scipy/pull/4143.patch
4105,https://github.com/scipy/scipy/pull/4105.patch
4104,https://github.com/scipy/scipy/pull/4104.patch
4084,https://github.com/scipy/scipy/pull/4084.patch
4053,https://github.com/scipy/scipy/pull/4053.patch
4051,https://github.com/scipy/scipy/pull/4051.patch
4041,https://github.com/scipy/scipy/pull/4041.patch
4006,https://github.com/scipy/scipy/pull/4006.patch
4001,https://github.com/scipy/scipy/pull/4001.patch
4000,https://github.com/scipy/scipy/pull/4000.patch
3997,https://github.com/scipy/scipy/pull/3997.patch
3896,https://github.com/scipy/scipy/pull/3896.patch
3891,https://github.com/scipy/scipy/pull/3891.patch
3886,https://github.com/scipy/scipy/pull/3886.patch
3862,https://github.com/scipy/scipy/pull/3862.patch
3819,https://github.com/scipy/scipy/pull/3819.patch
3813,https://github.com/scipy/scipy/pull/3813.patch
3770,https://github.com/scipy/scipy/pull/3770.patch
3702,https://github.com/scipy/scipy/pull/3702.patch
3685,https://github.com/scipy/scipy/pull/3685.patch
3652,https://github.com/scipy/scipy/pull/3652.patch
3635,https://github.com/scipy/scipy/pull/3635.patch
3607,https://github.com/scipy/scipy/pull/3607.patch
3547,https://github.com/scipy/scipy/pull/3547.patch
3545,https://github.com/scipy/scipy/pull/3545.patch
3540,https://github.com/scipy/scipy/pull/3540.patch
3534,https://github.com/scipy/scipy/pull/3534.patch
3523,https://github.com/scipy/scipy/pull/3523.patch
3476,https://github.com/scipy/scipy/pull/3476.patch
3470,https://github.com/scipy/scipy/pull/3470.patch
3468,https://github.com/scipy/scipy/pull/3468.patch
3460,https://github.com/scipy/scipy/pull/3460.patch
3458,https://github.com/scipy/scipy/pull/3458.patch
3433,https://github.com/scipy/scipy/pull/3433.patch
3419,https://github.com/scipy/scipy/pull/3419.patch
3416,https://github.com/scipy/scipy/pull/3416.patch
3408,https://github.com/scipy/scipy/pull/3408.patch
3400,https://github.com/scipy/scipy/pull/3400.patch
3394,https://github.com/scipy/scipy/pull/3394.patch
3393,https://github.com/scipy/scipy/pull/3393.patch
3392,https://github.com/scipy/scipy/pull/3392.patch
3391,https://github.com/scipy/scipy/pull/3391.patch
3389,https://github.com/scipy/scipy/pull/3389.patch
3388,https://github.com/scipy/scipy/pull/3388.patch
3386,https://github.com/scipy/scipy/pull/3386.patch
3383,https://github.com/scipy/scipy/pull/3383.patch
3347,https://github.com/scipy/scipy/pull/3347.patch
3344,https://github.com/scipy/scipy/pull/3344.patch
3292,https://github.com/scipy/scipy/pull/3292.patch
3289,https://github.com/scipy/scipy/pull/3289.patch
3272,https://github.com/scipy/scipy/pull/3272.patch
3270,https://github.com/scipy/scipy/pull/3270.patch
3253,https://github.com/scipy/scipy/pull/3253.patch
3245,https://github.com/scipy/scipy/pull/3245.patch
3235,https://github.com/scipy/scipy/pull/3235.patch
3229,https://github.com/scipy/scipy/pull/3229.patch
3224,https://github.com/scipy/scipy/pull/3224.patch
3182,https://github.com/scipy/scipy/pull/3182.patch
3145,https://github.com/scipy/scipy/pull/3145.patch
3084,https://github.com/scipy/scipy/pull/3084.patch
3073,https://github.com/scipy/scipy/pull/3073.patch
3010,https://github.com/scipy/scipy/pull/3010.patch
449,https://github.com/scipy/scipy/pull/449.patch
